net,ref,pin,pin_name,part
D0,J1,4A,4A,TS1000 edge connector 2x23
D0,U4,2,A1,SN74LVC245APWR (data in)
D0,R20,2,2,33R RB0
D1,J1,5A,5A,TS1000 edge connector 2x23
D1,U4,3,A2,SN74LVC245APWR (data in)
D1,R21,2,2,33R RB1
D2,J1,6A,6A,TS1000 edge connector 2x23
D2,U4,4,A3,SN74LVC245APWR (data in)
D2,R22,2,2,33R RB2
D3,J1,9A,9A,TS1000 edge connector 2x23
D3,U4,5,A4,SN74LVC245APWR (data in)
D3,R23,2,2,33R RB3
D4,J1,10A,10A,TS1000 edge connector 2x23
D4,U4,6,A5,SN74LVC245APWR (data in)
D4,R24,2,2,33R RB4
D5,J1,8A,8A,TS1000 edge connector 2x23
D5,U4,7,A6,SN74LVC245APWR (data in)
D5,R25,2,2,33R RB5
D6,J1,7A,7A,TS1000 edge connector 2x23
D6,U4,8,A7,SN74LVC245APWR (data in)
D6,R26,2,2,33R RB6
D7,J1,1A,1A,TS1000 edge connector 2x23
D7,U4,9,A8,SN74LVC245APWR (data in)
D7,R27,2,2,33R RB7
D7,R28,2,2,33R D7 status
A0,J1,7B,7B,TS1000 edge connector 2x23
A0,U8,2,P0,CD74HCT688M
A1,J1,8B,8B,TS1000 edge connector 2x23
A1,U8,4,P1,CD74HCT688M
A2,J1,9B,9B,TS1000 edge connector 2x23
A2,U8,6,P2,CD74HCT688M
A3,J1,10B,10B,TS1000 edge connector 2x23
A3,U8,8,P3,CD74HCT688M
A4,J1,22B,22B,TS1000 edge connector 2x23
A4,U9,1,A,SN74HCT138DR
A5,J1,21B,21B,TS1000 edge connector 2x23
A5,U9,2,B,SN74HCT138DR
A6,J1,20B,20B,TS1000 edge connector 2x23
A6,U8,11,P4,CD74HCT688M
A7,J1,19B,19B,TS1000 edge connector 2x23
A7,U8,13,P5,CD74HCT688M
A7,JP7,3,3,LOOSE decode: 1=nPEQ C=G2A 3=A7
nIORQ,J1,15A,15A,TS1000 edge connector 2x23
nIORQ,U8,1,nE,CD74HCT688M
nIORQ,U9,5,nG2B,SN74HCT138DR
nRD,J1,16A,16A,TS1000 edge connector 2x23
nRD,U9,3,C,SN74HCT138DR
nM1,J1,22A,22A,TS1000 edge connector 2x23
nM1,U9,6,G1,SN74HCT138DR
nRESET,J1,21A,21A,TS1000 edge connector 2x23
nRESET,U5,5,A4,SN74LVC245APWR (strobes in)
CLK,J1,6B,6B,TS1000 edge connector 2x23
CLK,U5,6,A5,SN74LVC245APWR (strobes in)
5V_BUS,J1,1B,1B,TS1000 edge connector 2x23
5V_BUS,F1,1,1,PTC 0.5A hold
GND,J1,4B,4B,TS1000 edge connector 2x23
GND,J1,5B,5B,TS1000 edge connector 2x23
GND,U8,10,GND,CD74HCT688M
GND,U8,15,P6,CD74HCT688M
GND,U8,16,Q6,CD74HCT688M
GND,U8,17,P7,CD74HCT688M
GND,U8,18,Q7,CD74HCT688M
GND,JP1,3,3,port bit Q0: 1=+5V C=Q 3=GND
GND,JP2,3,3,port bit Q1: 1=+5V C=Q 3=GND
GND,JP3,3,3,port bit Q2: 1=+5V C=Q 3=GND
GND,JP4,3,3,port bit Q3: 1=+5V C=Q 3=GND
GND,JP5,3,3,port bit Q4: 1=+5V C=Q 3=GND
GND,JP6,3,3,port bit Q5: 1=+5V C=Q 3=GND
GND,U9,8,GND,SN74HCT138DR
GND,U4,10,GND,SN74LVC245APWR (data in)
GND,U4,19,nOE,SN74LVC245APWR (data in)
GND,U5,10,GND,SN74LVC245APWR (strobes in)
GND,U5,19,nOE,SN74LVC245APWR (strobes in)
GND,U5,7,A6,SN74LVC245APWR (strobes in)
GND,U5,8,A7,SN74LVC245APWR (strobes in)
GND,U5,9,A8,SN74LVC245APWR (strobes in)
GND,U6,1,DIR,SN74LVC245APWR (status out)
GND,U6,10,GND,SN74LVC245APWR (status out)
GND,U7,3,GND,SN74LVC1G125DBVR
GND,U3,2,GND,AP2112K-3.3TRG1
GND,C22,2,2,10uF LDO in
GND,C23,2,2,10uF LDO out
GND,C30,2,2,220uF 6.3V amp bulk
GND,C24,2,2,10uF amp VDD
GND,C17,2,2,100nF
GND,C20,2,2,1uF DVDD
GND,C21,2,2,1uF DVDD
GND,U1,19,TESTEN,RP2040
GND,U1,57,GND_EP,RP2040
GND,C1,2,2,100nF
GND,C2,2,2,100nF
GND,C3,2,2,100nF
GND,C4,2,2,100nF
GND,C5,2,2,100nF
GND,C6,2,2,100nF
GND,C7,2,2,100nF
GND,C8,2,2,100nF
GND,C9,2,2,100nF
GND,U2,4,GND,W25Q32JVSSIQ
GND,C10,2,2,100nF
GND,C11,2,2,100nF
GND,C12,2,2,100nF
GND,C13,2,2,100nF
GND,C14,2,2,100nF
GND,C15,2,2,100nF
GND,C16,2,2,100nF
GND,Y1,2,GND,ABM8-272-T3 12MHz
GND,Y1,4,GND,ABM8-272-T3 12MHz
GND,C26,2,2,15pF XIN
GND,C27,2,2,15pF XOUT
GND,SW1,3,2,TS-1187A tactile BOOTSEL
GND,SW1,4,2B,TS-1187A tactile BOOTSEL
GND,SW2,3,2,TS-1187A tactile RESET
GND,SW2,4,2B,TS-1187A tactile RESET
GND,J5,2,GND,SWD 1x3
GND,R3,2,2,5.1k CC1
GND,R4,2,2,5.1k CC2
GND,J2,A1,GND,USB-C 16P receptacle
GND,J2,A12,GND,USB-C 16P receptacle
GND,J2,B1,GND,USB-C 16P receptacle
GND,J2,B12,GND,USB-C 16P receptacle
GND,J2,S1,SHELL,USB-C 16P receptacle
GND,J2,S2,SHELL,USB-C 16P receptacle
GND,J2,S3,SHELL,USB-C 16P receptacle
GND,J2,S4,SHELL,USB-C 16P receptacle
GND,U10,3,GND,MAX98357AETE+T
GND,U10,11,GND,MAX98357AETE+T
GND,U10,15,GND,MAX98357AETE+T
GND,U10,17,EP,MAX98357AETE+T
GND,C28,2,2,22nF line-out 1
GND,C29,2,2,22nF line-out 2
GND,R14,2,2,100k bleed
GND,J4,1,SLEEVE,3.5mm jack PJ-320A
GND,LED1,1,K,LED green SBY
GND,JP9,2,2,board ID bit 0 to GND
GND,JP10,2,2,board ID bit 1 to GND
+5V,U8,20,VCC,CD74HCT688M
+5V,U9,16,VCC,SN74HCT138DR
+5V,JP1,1,1,port bit Q0: 1=+5V C=Q 3=GND
+5V,JP2,1,1,port bit Q1: 1=+5V C=Q 3=GND
+5V,JP3,1,1,port bit Q2: 1=+5V C=Q 3=GND
+5V,JP4,1,1,port bit Q3: 1=+5V C=Q 3=GND
+5V,JP5,1,1,port bit Q4: 1=+5V C=Q 3=GND
+5V,JP6,1,1,port bit Q5: 1=+5V C=Q 3=GND
+5V,D1,1,K,B5819W
+5V,D2,1,K,B5819W
+5V,U3,1,VIN,AP2112K-3.3TRG1
+5V,U3,3,EN,AP2112K-3.3TRG1
+5V,C22,1,1,10uF LDO in
+5V,C30,1,1,220uF 6.3V amp bulk
+5V,U10,7,VDD,MAX98357AETE+T
+5V,U10,8,VDD,MAX98357AETE+T
+5V,C24,1,1,10uF amp VDD
+5V,C17,1,1,100nF
+5V,C15,1,1,100nF
+5V,C16,1,1,100nF
Q0,U8,3,Q0,CD74HCT688M
Q0,JP1,2,C,port bit Q0: 1=+5V C=Q 3=GND
Q1,U8,5,Q1,CD74HCT688M
Q1,JP2,2,C,port bit Q1: 1=+5V C=Q 3=GND
Q2,U8,7,Q2,CD74HCT688M
Q2,JP3,2,C,port bit Q2: 1=+5V C=Q 3=GND
Q3,U8,9,Q3,CD74HCT688M
Q3,JP4,2,C,port bit Q3: 1=+5V C=Q 3=GND
Q4,U8,12,Q4,CD74HCT688M
Q4,JP5,2,C,port bit Q4: 1=+5V C=Q 3=GND
Q5,U8,14,Q5,CD74HCT688M
Q5,JP6,2,C,port bit Q5: 1=+5V C=Q 3=GND
nPEQ,U8,19,nPEQ,CD74HCT688M
nPEQ,JP7,1,1,LOOSE decode: 1=nPEQ C=G2A 3=A7
DEC_EN,JP7,2,C,LOOSE decode: 1=nPEQ C=G2A 3=A7
DEC_EN,U9,4,nG2A,SN74HCT138DR
nALD,U9,10,Y5,SN74HCT138DR
nALD,U5,2,A1,SN74LVC245APWR (strobes in)
nTXT,U9,7,Y7,SN74HCT138DR
nTXT,U5,3,A2,SN74LVC245APWR (strobes in)
nRDSTAT,U9,13,Y2,SN74HCT138DR
nRDSTAT,U5,4,A3,SN74LVC245APWR (strobes in)
nRDSTAT,U7,1,nOE,SN74LVC1G125DBVR
nRDEXT,U9,12,Y3,SN74HCT138DR
nRDEXT,U6,19,nOE,SN74LVC245APWR (status out)
+3V3,U4,1,DIR,SN74LVC245APWR (data in)
+3V3,U4,20,VCC,SN74LVC245APWR (data in)
+3V3,U5,1,DIR,SN74LVC245APWR (strobes in)
+3V3,U5,20,VCC,SN74LVC245APWR (strobes in)
+3V3,U6,20,VCC,SN74LVC245APWR (status out)
+3V3,U7,5,VCC,SN74LVC1G125DBVR
+3V3,U3,5,VOUT,AP2112K-3.3TRG1
+3V3,C23,1,1,10uF LDO out
+3V3,U1,1,IOVDD,RP2040
+3V3,U1,10,IOVDD,RP2040
+3V3,U1,22,IOVDD,RP2040
+3V3,U1,33,IOVDD,RP2040
+3V3,U1,42,IOVDD,RP2040
+3V3,U1,49,IOVDD,RP2040
+3V3,U1,48,USB_VDD,RP2040
+3V3,U1,44,VREG_VIN,RP2040
+3V3,U1,43,ADC_AVDD,RP2040
+3V3,C1,1,1,100nF
+3V3,C2,1,1,100nF
+3V3,C3,1,1,100nF
+3V3,C4,1,1,100nF
+3V3,C5,1,1,100nF
+3V3,C6,1,1,100nF
+3V3,C7,1,1,100nF
+3V3,C8,1,1,100nF
+3V3,C9,1,1,100nF
+3V3,U2,8,VCC,W25Q32JVSSIQ
+3V3,C10,1,1,100nF
+3V3,C11,1,1,100nF
+3V3,C12,1,1,100nF
+3V3,C13,1,1,100nF
+3V3,C14,1,1,100nF
+3V3,R7,2,2,10k QSPI_SS
+3V3,R6,2,2,10k RUN
GP0,U4,18,B1,SN74LVC245APWR (data in)
GP0,U1,2,GP0,RP2040
GP1,U4,17,B2,SN74LVC245APWR (data in)
GP1,U1,3,GP1,RP2040
GP2,U4,16,B3,SN74LVC245APWR (data in)
GP2,U1,4,GP2,RP2040
GP3,U4,15,B4,SN74LVC245APWR (data in)
GP3,U1,5,GP3,RP2040
GP4,U4,14,B5,SN74LVC245APWR (data in)
GP4,U1,6,GP4,RP2040
GP5,U4,13,B6,SN74LVC245APWR (data in)
GP5,U1,7,GP5,RP2040
GP6,U4,12,B7,SN74LVC245APWR (data in)
GP6,U1,8,GP6,RP2040
GP7,U4,11,B8,SN74LVC245APWR (data in)
GP7,U1,9,GP7,RP2040
GP8,U5,18,B1,SN74LVC245APWR (strobes in)
GP8,U1,11,GP8,RP2040
GP9,U5,17,B2,SN74LVC245APWR (strobes in)
GP9,U1,12,GP9,RP2040
GP15,U5,16,B3,SN74LVC245APWR (strobes in)
GP15,U1,18,GP15,RP2040
GP10,U5,15,B4,SN74LVC245APWR (strobes in)
GP10,U1,13,GP10,RP2040
GP12,U5,14,B5,SN74LVC245APWR (strobes in)
GP12,U1,15,GP12,RP2040
GP20,U6,18,B1,SN74LVC245APWR (status out)
GP20,U1,31,GP20,RP2040
RB0,U6,2,A1,SN74LVC245APWR (status out)
RB0,R20,1,1,33R RB0
GP21,U6,17,B2,SN74LVC245APWR (status out)
GP21,U1,32,GP21,RP2040
RB1,U6,3,A2,SN74LVC245APWR (status out)
RB1,R21,1,1,33R RB1
GP22,U6,16,B3,SN74LVC245APWR (status out)
GP22,U1,34,GP22,RP2040
RB2,U6,4,A3,SN74LVC245APWR (status out)
RB2,R22,1,1,33R RB2
GP23,U6,15,B4,SN74LVC245APWR (status out)
GP23,U1,35,GP23,RP2040
RB3,U6,5,A4,SN74LVC245APWR (status out)
RB3,R23,1,1,33R RB3
GP24,U6,14,B5,SN74LVC245APWR (status out)
GP24,U1,36,GP24,RP2040
RB4,U6,6,A5,SN74LVC245APWR (status out)
RB4,R24,1,1,33R RB4
GP25,U6,13,B6,SN74LVC245APWR (status out)
GP25,U1,37,GP25,RP2040
RB5,U6,7,A6,SN74LVC245APWR (status out)
RB5,R25,1,1,33R RB5
GP26,U6,12,B7,SN74LVC245APWR (status out)
GP26,U1,38,GP26,RP2040
RB6,U6,8,A7,SN74LVC245APWR (status out)
RB6,R26,1,1,33R RB6
GP27,U6,11,B8,SN74LVC245APWR (status out)
GP27,U1,39,GP27,RP2040
RB7,U6,9,A8,SN74LVC245APWR (status out)
RB7,R27,1,1,33R RB7
READY,U7,2,A,SN74LVC1G125DBVR
READY,U1,16,GP13,RP2040
RB7S,U7,4,Y,SN74LVC1G125DBVR
RB7S,R28,1,1,33R D7 status
5V_FUSED,F1,2,2,PTC 0.5A hold
5V_FUSED,D1,2,A,B5819W
VBUS,J2,A4,VBUS,USB-C 16P receptacle
VBUS,J2,A9,VBUS,USB-C 16P receptacle
VBUS,J2,B4,VBUS,USB-C 16P receptacle
VBUS,J2,B9,VBUS,USB-C 16P receptacle
VBUS,D2,2,A,B5819W
DVDD,U1,45,VREG_VOUT,RP2040
DVDD,U1,23,DVDD,RP2040
DVDD,U1,50,DVDD,RP2040
DVDD,C20,1,1,1uF DVDD
DVDD,C21,1,1,1uF DVDD
XIN,U1,20,XIN,RP2040
XIN,Y1,1,XTAL1,ABM8-272-T3 12MHz
XIN,C26,1,1,15pF XIN
XOUT,U1,21,XOUT,RP2040
XOUT,R5,1,1,1k XOUT
XOUT_R,R5,2,2,1k XOUT
XOUT_R,Y1,3,XTAL2,ABM8-272-T3 12MHz
XOUT_R,C27,1,1,15pF XOUT
QSPI_SD0,U1,53,QSPI_SD0,RP2040
QSPI_SD0,U2,5,DI_IO0,W25Q32JVSSIQ
QSPI_SD1,U1,55,QSPI_SD1,RP2040
QSPI_SD1,U2,2,DO_IO1,W25Q32JVSSIQ
QSPI_SD2,U1,54,QSPI_SD2,RP2040
QSPI_SD2,U2,3,nWP_IO2,W25Q32JVSSIQ
QSPI_SD3,U1,51,QSPI_SD3,RP2040
QSPI_SD3,U2,7,nHOLD_IO3,W25Q32JVSSIQ
QSPI_SCLK,U1,52,QSPI_SCLK,RP2040
QSPI_SCLK,U2,6,CLK,W25Q32JVSSIQ
QSPI_SS,U1,56,QSPI_SS_N,RP2040
QSPI_SS,U2,1,nCS,W25Q32JVSSIQ
QSPI_SS,R7,1,1,10k QSPI_SS
QSPI_SS,R8,1,1,1k BOOTSEL
BOOTSEL,R8,2,2,1k BOOTSEL
BOOTSEL,SW1,1,1,TS-1187A tactile BOOTSEL
BOOTSEL,SW1,2,1B,TS-1187A tactile BOOTSEL
RUN,U1,26,RUN,RP2040
RUN,R6,1,1,10k RUN
RUN,SW2,1,1,TS-1187A tactile RESET
RUN,SW2,2,1B,TS-1187A tactile RESET
SWCLK,U1,24,SWCLK,RP2040
SWCLK,J5,1,SWCLK,SWD 1x3
SWDIO,U1,25,SWD,RP2040
SWDIO,J5,3,SWDIO,SWD 1x3
USB_DP,U1,47,USB_DP,RP2040
USB_DP,R1,1,1,27R USB
USB_DP_C,R1,2,2,27R USB
USB_DP_C,J2,A6,DP,USB-C 16P receptacle
USB_DP_C,J2,B6,DP,USB-C 16P receptacle
USB_DM,U1,46,USB_DM,RP2040
USB_DM,R2,1,1,27R USB
USB_DM_C,R2,2,2,27R USB
USB_DM_C,J2,A7,DM,USB-C 16P receptacle
USB_DM_C,J2,B7,DM,USB-C 16P receptacle
CC1,J2,A5,CC1,USB-C 16P receptacle
CC1,R3,1,1,5.1k CC1
CC2,J2,B5,CC2,USB-C 16P receptacle
CC2,R4,1,1,5.1k CC2
I2S_DIN,U1,27,GP16,RP2040
I2S_DIN,U10,1,DIN,MAX98357AETE+T
I2S_BCLK,U1,28,GP17,RP2040
I2S_BCLK,U10,16,BCLK,MAX98357AETE+T
I2S_LRCLK,U1,29,GP18,RP2040
I2S_LRCLK,U10,14,LRCLK,MAX98357AETE+T
AMP_EN,U1,30,GP19,RP2040
AMP_EN,R10,1,1,1k SD_MODE
SD_MODE,R10,2,2,1k SD_MODE
SD_MODE,U10,4,SD_MODE,MAX98357AETE+T
SPK+,U10,9,OUTP,MAX98357AETE+T
SPK+,J3,1,SPK+,B2B-PH-K-S speaker
SPK-,U10,10,OUTN,MAX98357AETE+T
SPK-,J3,2,SPK-,B2B-PH-K-S speaker
PWM,U1,14,GP11,RP2040
PWM,R11,1,1,3.3k line-out 1
LO1,R11,2,2,3.3k line-out 1
LO1,C28,1,1,22nF line-out 1
LO1,R12,1,1,3.3k line-out 2a
LO1B,R12,2,2,3.3k line-out 2a
LO1B,R13,1,1,30k line-out 2b
LO1B,JP8,1,1,"VINTAGE: bridged=3.3k, open=33k"
LO2,R13,2,2,30k line-out 2b
LO2,JP8,2,2,"VINTAGE: bridged=3.3k, open=33k"
LO2,C29,1,1,22nF line-out 2
LO2,C25,1,1,10uF line-out AC
LO_OUT,C25,2,2,10uF line-out AC
LO_OUT,R14,1,1,100k bleed
LO_OUT,J4,2,TIP,3.5mm jack PJ-320A
LO_OUT,J4,3,RING,3.5mm jack PJ-320A
SBY,U1,17,GP14,RP2040
SBY,R9,1,1,1k SBY LED
LED_A,R9,2,2,1k SBY LED
LED_A,LED1,2,A,LED green SBY
GP28,U1,40,GP28,RP2040
GP28,JP9,1,1,board ID bit 0 to GND
GP29,U1,41,GP29,RP2040
GP29,JP10,1,1,board ID bit 1 to GND
